﻿product_id,review
B001E4KFG0,मैंने विटैलिटी के कई डिब्बाबंद कुत्ते के भोजन उत्पाद खरीदे हैं और पाया है कि वे सभी अच्छी गुणवत्ता के हैं। यह उत्पाद प्रोसेस्ड मीट की तुलना में स्टू की तरह अधिक दिखता है और इसकी गंध भी बेहतर है। मेरा लैब्राडोर बहुत नखरेबाज़ है और वह इस उत्पाद को दूसरों से ज़्यादा पसंद करता है।
B00813GRG4,"उत्पाद जंबो सॉल्टेड पीनट्स के रूप में लेबल किया गया था...मूंगफली वास्तव में छोटे आकार की अनसाल्टेड थी। निश्चित नहीं है कि यह एक त्रुटि थी या विक्रेता का इरादा उत्पाद को ""जंबो"" के रूप में प्रस्तुत करना था।"
B000LQOCH0,"यह एक ऐसी मिठाई है जो कई सदियों से चली आ रही है। यह एक हल्का, तकियादार साइट्रस जिलेटिन है जिसमें मेवे होते हैं - इस मामले में फिल्बर्ट्स। और इसे छोटे-छोटे चौकोर टुकड़ों में काटा जाता है और फिर उदारतापूर्वक पाउडर चीनी के साथ लेपित किया जाता है। और यह स्वर्ग का एक छोटा सा कौर है। बहुत चबाने वाला नहीं, और बहुत स्वादिष्ट। मैं इस स्वादिष्ट व्यंजन की अत्यधिक अनुशंसा करता हूँ। यदि आप सी.एस. लुईस की ""द लायन, द विच, एंड द वार्डरोब"" की कहानी से परिचित हैं - तो यह वह व्यंजन है जो एडमंड को अपने भाई और बहनों को चुड़ैल को बेचने के लिए बहकाता है।"
B000UA0QIQ,अगर आप रॉबिटसिन में गुप्त तत्व की तलाश कर रहे हैं तो मुझे लगता है कि मैंने उसे पा लिया है। मैंने इसे रूट बियर एक्सट्रैक्ट के अलावा खरीदा था जिसे मैंने ऑर्डर किया था (जो अच्छा था) और कुछ चेरी सोडा बनाया था। इसका स्वाद बहुत औषधीय है।
B006K2ZZ7K,"बढ़िया कीमत पर बढ़िया टैफ़ी। स्वादिष्ट टैफ़ी की एक विस्तृत श्रृंखला थी। डिलीवरी बहुत जल्दी हुई। अगर आप टैफ़ी के शौकीन हैं, तो यह एक बेहतरीन डील है।"
B006K2ZZ7K,"मुझे टैफी का बहुत शौक था और मैंने यह पाँच पाउंड का बैग मंगवाया। टैफी बहुत ही मज़ेदार थी और इसमें कई फ्लेवर थे: तरबूज, रूट बीयर, खरबूजा, पुदीना, अंगूर, आदि। मेरी एकमात्र शिकायत यह थी कि इसमें लाल/काले लिकोरिस के फ्लेवर वाले टुकड़े थोड़े ज़्यादा थे (बस मेरे पसंदीदा नहीं)। मेरे, मेरे बच्चों और मेरे पति के बीच, यह सिर्फ़ दो हफ़्ते तक चला! मैं इस ब्रांड की टैफी की सलाह दूँगी -- यह एक शानदार ट्रीट थी।"
B006K2ZZ7K,"इस सॉल्टवाटर टैफी में बहुत बढ़िया स्वाद था और यह बहुत नरम और चबाने लायक थी। प्रत्येक कैंडी को अलग-अलग अच्छी तरह से लपेटा गया था। कोई भी कैंडी एक साथ चिपकी हुई नहीं थी, जो महंगे संस्करण, फ्रैलिंगर में हुआ था। मैं इस कैंडी की अत्यधिक अनुशंसा करूंगा! मैंने इसे एक बीच-थीम वाली पार्टी में परोसा और सभी को यह बहुत पसंद आई!"
B006K2ZZ7K,यह टैफ़ी बहुत अच्छी है। यह बहुत नरम और चबाने लायक है। इसका स्वाद लाजवाब है। मैं निश्चित रूप से आपको इसे खरीदने की सलाह दूंगा। बहुत संतोषजनक!!
B000E7L2R4,"अभी मैं ज़्यादातर सिर्फ़ अंकुरित घास ही उगा रहा हूँ, ताकि मेरी बिल्लियाँ घास खा सकें। उन्हें यह बहुत पसंद है। मैं इसे गेहूँ के घास और राई के साथ भी मिलाता हूँ"
B00171APVA,यह कुत्तों के लिए बहुत ही सेहतमंद भोजन है। उनके पाचन के लिए अच्छा है। छोटे पिल्लों के लिए भी अच्छा है। मेरा कुत्ता हर बार भोजन करते समय अपनी ज़रूरत के हिसाब से खाना खाता है।
B0001PB9FE,"मुझे नहीं पता कि यह कैक्टस है या टकीला या सिर्फ़ सामग्री का अनोखा संयोजन, लेकिन इस हॉट सॉस का स्वाद इसे अनोखा बनाता है! हमने एक बार एक यात्रा पर एक बोतल खरीदी और इसे अपने साथ घर वापस ले आए और पूरी तरह से हैरान रह गए! जब हमें एहसास हुआ कि हमें यह हमारे शहर में कहीं भी नहीं मिल सकता है तो हम निराश हो गए। अब, इंटरनेट के जादू की वजह से, हमारे पास सॉस का एक केस है और हम इसके कारण बहुत खुश हैं। अगर आपको हॉट सॉस पसंद है..मेरा मतलब है कि आपको वाकई हॉट सॉस पसंद है, लेकिन आप ऐसा सॉस नहीं चाहते जो बेस्वाद तरीके से आपके गले को जला दे, तो टकीला पिकांटे गॉरमेट डे इनक्लान की एक बोतल लें। बस इतना जान लें कि एक बार जब आप इसका स्वाद चख लेंगे, तो आप कभी भी कोई और सॉस इस्तेमाल नहीं करना चाहेंगे। व्यक्तिगत, अविश्वसनीय सेवा के लिए धन्यवाद!"
B0009XLVG0,"मेरे एक लड़के को कुछ वजन कम करने की ज़रूरत थी और दूसरे को नहीं। मैंने मोटे लड़के के लिए यह खाना फ़र्श पर रखा, और प्रोटीन युक्त, बिना किसी उपोत्पाद वाला खाना ऊपर रखा जहाँ सिर्फ़ मेरा दुबला लड़का ही कूद सकता है। ऊपर रखा खाना बासी हो जाता है। वे दोनों वास्तव में इस भोजन को पसंद करते हैं। और मेरा मोटा लड़का हर हफ़्ते लगभग एक औंस वजन कम कर रहा है।"
B0009XLVG0,"मेरी बिल्लियाँ दो साल से ज़्यादा समय से फ़ेलिडे प्लैटिनम को खुशी-खुशी खा रही हैं। मुझे अभी एक नया बैग मिला है और खाने का आकार अलग है। जब मैंने पहली बार उनके कटोरे में नया खाना डाला तो उन्होंने इसे आज़माया और अब कटोरे भरे हुए हैं और बिल्लियाँ खाने को छूती नहीं हैं। मैंने पहले भी फ़ॉर्मूला में बदलाव से जुड़ी ऐसी ही समीक्षाएँ देखी हैं। दुर्भाग्य से, अब मुझे एक नया खाना ढूँढ़ना होगा जिसे मेरी बिल्लियाँ खा सकें।"
B001GVISJM,अच्छा स्वाद! ये सुरक्षित रूप से पैक किए गए थे... वे ताजा और स्वादिष्ट थे! मुझे ये ट्विज़्लर बहुत पसंद हैं!
B001GVISJM,स्ट्रॉबेरी ट्विजलर मेरा पसंदीदा व्यंजन है - बहुत स्वादिष्ट। मेरे बेटे और मैं कुछ समय के लिए छह पाउंड वजन के साथ चलेंगे।
B001GVISJM,मेरी बेटी को ट्विजलर बहुत पसंद है और छह पाउंड का यह शिपमेंट वाकई बहुत बढ़िया है। यह बिल्कुल वैसा ही है जैसा आप उम्मीद करते हैं...स्ट्रॉबेरी ट्विजलर के छह पैकेट।
B001GVISJM,मुझे इन्हें खाना बहुत पसंद है और ये टीवी देखने और फ़िल्में देखने के लिए बहुत अच्छे हैं! ये ज़्यादा मीठे नहीं होते। मैं इन्हें ज़िपलॉक बैग में रखना पसंद करता हूँ ताकि ये ताज़े रहें और मैं इन्हें खाने में समय लगा सकूँ।
B001GVISJM,मैं अपनी ट्विज़्लर खरीद से बहुत संतुष्ट हूँ। मैंने इन्हें दूसरों के साथ साझा किया और हम सभी ने इनका आनंद लिया। मैं निश्चित रूप से और भी ऑर्डर करूँगा।
B001GVISJM,"ट्विजलर्स, स्ट्रॉबेरी मेरे बचपन की पसंदीदा कैंडी है, जिसे वाई एंड एस कैंडीज, इंक द्वारा लैंकेस्टर पेंसिल्वेनिया में बनाया गया है। संयुक्त राज्य अमेरिका की सबसे पुरानी कन्फेक्शनरी फर्मों में से एक, अब हर्षे कंपनी की सहायक कंपनी है, कंपनी की स्थापना 1845 में यंग और स्माइली के रूप में हुई थी, वे एप्पल लिकोरिस ट्विस्ट, ग्रीन कलर और ब्लू रास्पबेरी लिकोरिस ट्विस्ट भी बनाते हैं, मुझे वे सभी पसंद हैं मैं इसे सूखी ठंडी जगह पर रखता हूं क्योंकि इसे फ्रिज में रखने की सलाह नहीं दी जाती है। गिनीज बुक ऑफ रिकॉर्ड्स के अनुसार, अब तक का सबसे लंबा लिकोरिस ट्विस्ट 1.200 फीट (370 मीटर) मापा गया और इसका वजन 100 पाउंड (45 किलोग्राम) था और इसे वाई एंड एस कैंडीज, इंक द्वारा बनाया गया था। यह रिकॉर्ड तोड़ने वाला ट्विस्ट 19 जुलाई 1998 को गिनीज वर्ल्ड रिकॉर्ड बन गया।"
B001GVISJM,कैंडी बहुत तेजी से डिलीवर की गई और उचित मूल्य पर खरीदी गई। मैं घर पर था और स्टोर पर जाने में असमर्थ था इसलिए यह मेरे लिए एकदम सही था।
B001GVISJM,"मेरे पति ट्विजलर्स के दीवाने हैं। हमने इन्हें कई बार Amazon से खरीदा है क्योंकि हम विदेश में रहने वाले सरकारी कर्मचारी हैं और हमें जिस देश में नियुक्त किया गया है, वहाँ ये नहीं मिल सकते। ये हमेशा ताज़े और स्वादिष्ट होते हैं, अच्छी तरह से पैक किए जाते हैं और समय पर पहुँचते हैं।"
B001GVISJM,मैंने ये अपने पति के लिए खरीदे हैं जो इस समय विदेश में हैं। उन्हें ये बहुत पसंद हैं और जाहिर है कि उनके स्टाफ को भी ये पसंद हैं। प्रत्येक 16-औंस बैग में भरपूर मात्रा में ट्विज़्लर हैं और यह कीमत के हिसाब से काफी सही है।
B001GVISJM,मुझे याद है कि मैंने बचपन में यह कैंडी खरीदी थी और इतने सालों में इसकी गुणवत्ता में कोई कमी नहीं आई है। यह अभी भी एक बेहतरीन उत्पाद है जिससे आप निराश नहीं होंगे।
B001GVISJM,"मुझे यह कैंडी बहुत पसंद है। वजन घटाने के बाद मैंने इसे कम करना शुरू कर दिया था, लेकिन फिर भी मुझे इसकी तलब लगी रहती है।"
B001GVISJM,"मैं पिछले 7 सालों से अमेरिका से बाहर रह रहा हूँ, और मुझे अपने ट्विजलर्स की बहुत याद आती है!! जब मैं वापस जाता हूँ या कोई मुझसे मिलने आता है, तो मैं हमेशा स्टॉक कर लेता हूँ। मैं बस इतना ही कह सकता हूँ कि ये बहुत स्वादिष्ट हैं! इन्हें मेक्सिको में बेचो और तुम्हें एक वफादार खरीदार मिल जाएगा, जितना कि मैं अभी खरीद सकता हूँ।"
B001GVISJM,प्राप्त उत्पाद विज्ञापित के अनुसार है।
B001GVISJM,"कैंडी सिर्फ़ लाल है, कोई स्वाद नहीं है। बस सादा और चबाने में हल्का है। मैं उन्हें फिर कभी नहीं खरीदूँगा"
B001GVISJM,मुझे बहुत खुशी है कि Amazon ने ये बैटरियाँ रखी हैं। मुझे इन्हें कहीं और ढूँढ़ने में दिक्कत होती है क्योंकि ये बहुत ही अनोखे आकार की होती हैं। मुझे अपने गैराज डोर ओपनर के लिए इनकी ज़रूरत है। कीमत के हिसाब से ये बहुत बढ़िया डील है।
B00144C10S,"मैंने इसे अपनी माँ के लिए खरीदा है, जो मधुमेह से पीड़ित नहीं हैं, लेकिन उन्हें अपने चीनी के सेवन पर नज़र रखने की ज़रूरत है, और मेरे पिता जो अनावश्यक चीनी के सेवन को सीमित करना चुनते हैं - वह मीठा खाने की शौकीन हैं - उन दोनों को ये टॉफियाँ बहुत पसंद आईं, आप कभी नहीं सोच सकते कि वे चीनी-मुक्त हैं और यह इतना बढ़िया है कि आप उन्हें बिना किसी अपराधबोध के खा सकते हैं! मैं इतना प्रभावित हुआ कि मैंने अपने लिए कुछ (डार्क चॉकलेट के साथ) ऑर्डर कर दिया है ताकि मैं उन्हें ऑफिस ले जा सकूँ ताकि मैं चीनी वाली मिठाइयों पर नाश्ता करने के बजाय उन्हें खा सकूँ। ये बस बेहतरीन हैं!"
B0001PB9FY,"मुझे नहीं पता कि यह कैक्टस है या टकीला या सिर्फ़ सामग्री का अनोखा संयोजन, लेकिन इस हॉट सॉस का स्वाद इसे अनोखा बनाता है! हमने एक बार एक यात्रा पर एक बोतल खरीदी और इसे अपने साथ घर वापस ले आए और पूरी तरह से हैरान रह गए! जब हमें एहसास हुआ कि हमें यह हमारे शहर में कहीं भी नहीं मिल सकता है तो हम निराश हो गए। अब, इंटरनेट के जादू की वजह से, हमारे पास सॉस का एक केस है और हम इसके कारण बहुत खुश हैं। अगर आपको हॉट सॉस पसंद है..मेरा मतलब है कि आपको वाकई हॉट सॉस पसंद है, लेकिन आप ऐसा सॉस नहीं चाहते जो बेस्वाद तरीके से आपके गले को जला दे, तो टकीला पिकांटे गॉरमेट डे इनक्लान की एक बोतल लें। बस इतना जान लें कि एक बार जब आप इसका स्वाद चख लेंगे, तो आप कभी भी कोई और सॉस इस्तेमाल नहीं करना चाहेंगे। व्यक्तिगत, अविश्वसनीय सेवा के लिए धन्यवाद!"
B003F6UO7K,"मैं कभी भी कॉफी का बहुत बड़ा प्रशंसक नहीं रहा हूँ। हालाँकि, मेरी माँ ने यह छोटी मशीन खरीदी और मुझे लैटे मैकियाटो आज़माने के लिए कहा। किसी भी कॉफी शॉप में इससे बेहतर मशीन नहीं है और मुझे अन्य उत्पाद भी पसंद हैं (आमतौर पर कॉफी नहीं पीने वाला!)। छोटी डॉल्चे गेस्टो मशीन का उपयोग करना बहुत आसान है और यह एक मिनट से भी कम समय में बहुत अच्छी कॉफी/लैटे/कैपुचीनो/आदि तैयार करती है (अगर पानी गर्म किया जाए)। मैं किसी को भी डोल्से गुस्टो की सलाह दूंगा। कीमत के हिसाब से यह बहुत अच्छी है और मैं खुद भी इसे खरीद रहा हूँ! :)"
B003F6UO7K,"यह प्रस्ताव एक महान मूल्य और एक महान स्वाद है, इस उत्पाद को बेचने के लिए अमेज़न को धन्यवाद।"
B001EO5QW8,"अगर आपको ओटमील की ज़रूरत है, लेकिन इसे बनाने में सिर्फ़ दो या तीन मिनट लग सकते हैं, तो मैककैन का इंस्टेंट ओटमील बहुत बढ़िया है। हालाँकि, इस तथ्य से कोई इंकार नहीं कर सकता कि सबसे बढ़िया इंस्टेंट ओटमील भी स्टोवटॉप पर पकाने की ज़रूरत वाले स्टोर ब्रांड के ओटमील के बराबर भी नहीं होता। फिर भी, इंस्टेंट ओटमील के लिए मैककैन का सबसे बढ़िया उत्पाद है। यह मेरे द्वारा आजमाए गए ऑर्गेनिक, पूरी तरह से प्राकृतिक ब्रांड से भी बेहतर है। मैककैन के वैरायटी पैक में मौजूद सभी वैरायटी का स्वाद अच्छा है। इसे माइक्रोवेव में या उबलते पानी में मिलाकर बनाया जा सकता है, इसलिए जब समय की समस्या हो, तो यह बहुत सुविधाजनक है।<br /><br />मैककैन द्वारा हाई फ्रुक्टोज़ कॉर्न सिरप के बजाय असली गन्ने की चीनी का इस्तेमाल करने की वजह से मुझे यह उत्पाद खरीदने का फ़ैसला करने में मदद मिली। असली चीनी का स्वाद बेहतर होता है और यह दूसरी चीज़ों की तरह हानिकारक नहीं होती। हालाँकि, एक चीज़ जो मुझे पसंद नहीं है, वह है मैककैन द्वारा गाढ़ा करने वाले पदार्थों का इस्तेमाल। ओट्स और पानी और गर्मी से क्रीमी, स्वादिष्ट ओटमील बनता है, और ग्वार गम की ज़रूरत नहीं होती। लेकिन यह एक सुविधाजनक उत्पाद है। शायद ग्वार गम की वजह से ही, कटोरे में कुछ देर तक रहने के बाद, मैककैन का इंस्टेंट बहुत गाढ़ा और चिपचिपा हो जाता है।"
B001EO5QW8,"यह सबसे अच्छे ओटमील ब्रांड का एक बढ़िया इंस्टेंट ओटमील है। इसमें हाई फ्रुक्टोस कॉर्न सिरप की जगह गन्ने की चीनी का इस्तेमाल किया गया है, इसलिए न केवल इसमें बेहतर मिठास है, बल्कि कुछ डॉक्टर अब कहते हैं कि चीनी का यह रूप आपके लिए बेहतर है। ठंडी सुबह के लिए बढ़िया है जब आपके पास मैककैन के स्टील कट ओट्स बनाने का समय नहीं है। सेब दालचीनी सबसे अच्छी है लेकिन मेपल और ब्राउन शुगर या रेगुलर भी अच्छे हैं। साथ ही, उन्हें वास्तव में तीन स्वादों को अलग-अलग बताने के लिए डॉक्टरी की आवश्यकता नहीं होती है।"
B001EO5QW8,"इंस्टेंट ओटमील पानी के कटोरे में गिरते ही गीला हो सकता है। मैककैन का इंस्टेंट ओटमील अपनी बनावट बनाए रखता है, इसका स्वाद बेहतरीन है और यह आपके लिए एक ही समय में अच्छा है। मैककैन का रेगुलर ओट मील भी बेहतरीन है, लेकिन इसे बनाने में ज़्यादातर लोगों के पास सुबह के समय से ज़्यादा समय लग सकता है। यह अब तक का सबसे बेहतरीन इंस्टेंट ब्रांड है, और नॉन-इंस्टेंट वैरायटी के बाद दूसरे नंबर पर है। मैककैन का इंस्टेंट आयरिश ओटमील, रेगुलर, सेब और दालचीनी, और मेपल और ब्राउन शुगर का वैरायटी पैक, 10-काउंट बॉक्स (6 का पैक)"
B001EO5QW8,"मैककैन का इंस्टेंट आयरिश ओटमील, रेगुलर, सेब और दालचीनी, और मेपल और ब्राउन शुगर का वैरायटी पैक, 10-काउंट बॉक्स (6 का पैक) मैं मैककैन के स्टील-कट ओट्स का प्रशंसक हूं, इसलिए मैंने सोचा कि मैं इंस्टेंट वैरायटी को आजमाऊंगा। मुझे यह एक मज़बूत भोजन लगा, बहुत मीठा नहीं, और मेरे जैसे लोगों (बैरिएट्रिक सर्जरी के बाद) के लिए बढ़िया है, जिन्हें ऐसा भोजन चाहिए जो स्वादिष्ट, आसानी से पचने वाला, फाइबर युक्त हो लेकिन आपको पेट फूलने न दे।"
B001EO5QW8,"सीलिएक रोग से पीड़ित लोगों के लिए यह उत्पाद जीवन रक्षक है और इसे किराने या स्वास्थ्य खाद्य भंडार की तुलना में लगभग आधी कीमत पर प्राप्त करने से बेहतर क्या हो सकता है! मुझे मैककैन का इंस्टेंट ओटमील बहुत पसंद है - सभी स्वाद!!! धन्यवाद, एबी।"
B001EO5QW8,"आपको और क्या जानने की ज़रूरत है? ओटमील, इंस्टेंट (इसे आधा कप लो-फैट दूध और किशमिश डालकर 90 सेकंड तक पकाएँ)। क्रॉगर स्टोर ब्रांड ओटमील से ज़्यादा महंगा और शायद थोड़ा ज़्यादा स्वादिष्ट या बेहतर बनावट वाला या कुछ और। यह अभी भी सिर्फ़ ओटमील है। हम्म, सुविधाजनक!"
B001EO5QW8,"मैं कल सुबह अपने दोस्त नेट से मिलने कॉफी पीने गया था, वह अपने स्टोरेज रूम से (मैककैन के इंस्टेंट आयरिश ओटमील का एक पैकेट) लेकर बाहर आया। उसने सुझाव दिया कि मैं इसे अपने इस्तेमाल के लिए, अपने स्टैश में रखकर आज़माऊँ। कभी-कभी नेट आपको मना करने का मौका नहीं देता, इसलिए मैंने एप्पल और सिन को आज़माया। पानी या पाउडर वाले दूध के साथ इसे बनाने पर यह बहुत स्वादिष्ट लगता है। यह ओ.जे. और कॉफी और टोस्ट के एक स्लाइस के साथ बहुत बढ़िया लगता है और आप दुनिया से लड़ने के लिए तैयार हैं... या कम से कम एक दिन के लिए... जैरी रीथ..."
B001EO5QW8,"मैंने इसे अपनी पत्नी के लिए ऑर्डर किया क्योंकि यह हमारी बेटी द्वारा सुझाया गया था। वह लगभग हर सुबह इसे खाती है और सभी स्वाद पसंद करती है। वह खुश है, मैं भी खुश हूँ!!!"
B001EO5QW8,"वैरायटी पैक का स्वाद बहुत बढ़िया है! मैं इन्हें हर सुबह खाता हूँ। $0.30 सेंट प्रति भोजन पर, मुझे समझ में नहीं आता कि पृथ्वी पर हर कोई इसे क्यों नहीं खरीद रहा है। मेपल और ब्राउन शुगर बहुत बढ़िया है, उसके बाद सेब और दालचीनी, उसके बाद नियमित। आप एक ही पुरानी चीज़ से ऊब नहीं जाते, और उनका स्वाद बहुत बढ़िया है। मैं बस एक छोटे बर्तन से पानी उबालता हूँ, एक या दो पैकेट को एक कटोरे में खाली करता हूँ, उसमें उबलता पानी डालता हूँ, और इसे अपने आकार से 2 गुना बड़ा होते हुए देखता हूँ! इसका स्वाद बहुत बढ़िया है और इसे तैयार होने में कुछ मिनट लगते हैं। पता नहीं क्यों पृथ्वी पर हर कोई इसे नहीं खरीद रहा है। सुविधाजनक, स्वस्थ, बहुत जल्दी बनने वाला, बेहतरीन गुणवत्ता वाला और बेहद सस्ता..."
B001EO5QW8,"मैककैन हर ओटमील पारखी के लिए ओटमील बनाता है, चाहे कोई इसे कच्चे पेलेट अवस्था से पसंद करे जो आधे घंटे तक पकता है, या सुस्त इंस्टेंट, जिसे माइक्रोवेव में तीन मिनट से कम समय के लिए पकाया जा सकता है। यह सब अच्छा है, यह निश्चित है, और इंस्टेंट वैरायटी की खूबसूरती यह है कि यह नियमित के साथ-साथ विभिन्न स्वादों में भी उपलब्ध है।<br /> यह वैरायटी पैक विभिन्न स्वादों को तलाशने की अनुमति देता है, साथ ही आपको मैककैन और अन्य प्रसिद्ध ओटमील के बीच अंतर का अनुभव करने का मौका देता है। मैककैन के बारे में मुझे जो व्यक्तिगत रूप से पसंद है वह यह है कि यह अमेरिका में शीर्ष ब्रांड की तुलना में अधिक गाढ़ा और अधिक गाढ़ा पकता है। हालाँकि, सेब और दालचीनी थोड़ा तरल होता है, इसलिए आप पानी की मात्रा के साथ प्रयोग करना चाह सकते हैं। मेरे 1300 वाट के माइक्रोवेव में ओटमील लगभग एक मिनट और सत्ताईस सेकंड में पक जाता है, इसलिए आपको यह भी ध्यान रखना चाहिए कि कितना समय और पानी इस्तेमाल करना है।<br /> इस पेशकश के बारे में एकमात्र बुरी बात - अगर आप इसे बुरी बात मान सकते हैं - यह है कि आपको बहुत सारे लॉट खरीदने होंगे, इसलिए आपको छह दस-गिनती वाले डिब्बे मिलेंगे। यह अच्छा है अगर आपके पास ओटमील खाने वालों का पूरा परिवार है, लेकिन अगर आप अकेले हैं - तो ओटमील को प्यार करें।"
B001EO5QW8,मैं हर सुबह मैककैन ओटमील खाता हूँ और इसे अमेज़न से ऑर्डर करके मैं प्रति बॉक्स लगभग 3.00 डॉलर बचा पाता हूँ।<br />यह एक बेहतरीन उत्पाद है। इसका स्वाद बहुत बढ़िया है और यह बहुत सेहतमंद भी है।
B001EO5QW8,"मैककैन का ओटमील एक अच्छी क्वालिटी का विकल्प है। हमारा पसंदीदा सेब और दालचीनी है, लेकिन हमें लगता है कि इनमें से कोई भी बहुत ज़्यादा मीठा नहीं है। 2 मिनट में एक अच्छे गर्म नाश्ते के लिए, यह बेहतरीन है।"
B001EO5QW8,"हमें मैककैन के स्टील कट ओट्स बहुत पसंद हैं, लेकिन हम इसे अक्सर नहीं पकाते हैं।<br />यह मुझे किराने की दुकान के ब्रांडों की तुलना में बहुत अच्छा लगता है और उतना ही सुविधाजनक है।<br />कोई भी चीज जो मुझे नियमित रूप से दलिया खाने के लिए प्रेरित करती है, वह अच्छी चीज है।"
B001EO5QW8,"यह सुपरमार्केट के कुछ ब्रांड्स से थोड़ा ज़्यादा पौष्टिक लगता है, लेकिन यह थोड़ा चिपचिपा है और इसमें उतना स्वाद भी नहीं है। यह मेरे बच्चों को पसंद नहीं आया, इसलिए मैं शायद इसे दोबारा नहीं खरीदूँगा।"
B001EO5QW8,बढ़िया ओटमील। मुझे सेब दालचीनी सबसे ज़्यादा पसंद है। हालाँकि मैं पैकेज पर दिए गए निर्देशों का पालन नहीं करूँगा क्योंकि यह हमेशा मेरे स्वाद के लिए बहुत ज़्यादा सूप जैसा बनता है। यह सिर्फ़ मेरी ही वजह हो सकती है क्योंकि मुझे अपना ओटमील बहुत गाढ़ा पसंद है ताकि मैं उसके ऊपर थोड़ा दूध डाल सकूँ।
B001EO5QW8,"स्वाद अच्छा है। हालाँकि, मुझे इसमें और क्वेकर ओट्स ब्रांड में कोई अंतर नहीं दिखता - वे दोनों ही नरम हैं।"
B001EO5QW8,"मुझे मेपल और ब्राउन शुगर का स्वाद बहुत पसंद है। ब्राउन शुगर के साथ रेगुलर ठीक रहता है। सेब और दालचीनी का स्वाद ठीक है। यह बहुत जल्दी बनने वाला, आसान और संतोषजनक नाश्ता है और मैं इस ब्रांड का फिर से ऑर्डर करूंगा, लेकिन वैरायटी नहीं। मैं मेपल और ब्राउन शुगर ही लूंगा।"
B001EO5QW8,यह वही चीज़ है जो आप बड़े स्टोर से खरीद सकते हैं। इसमें कुछ भी स्वास्थ्यवर्धक नहीं है। इसमें सिर्फ़ कार्बोहाइड्रेट और शुगर है। अपना पैसा बचाएँ और कुछ ऐसा खरीदें जिसमें कम से कम थोड़ा स्वाद तो हो।
B001EO5QW8,"यह ओटमील अच्छा नहीं है। यह चिपचिपा, मुलायम है, मुझे यह पसंद नहीं है। क्वेकर ओट्स ही इसका विकल्प है।"
